{
  "dataset_path": "C:\\Users\\admin\\Desktop\\ventureforge\\data\\startup_benchmark.jsonl",
  "sample_count": 30,
  "train_count": 22,
  "test_count": 8,
  "accuracy": 0.5,
  "risk_mae": 13.4512,
  "classification_report": {
    "AVOID": {
      "precision": 0.0,
      "recall": 0.0,
      "f1-score": 0.0,
      "support": 2.0
    },
    "BUILD": {
      "precision": 0.5714285714285714,
      "recall": 1.0,
      "f1-score": 0.7272727272727273,
      "support": 4.0
    },
    "PIVOT": {
      "precision": 0.0,
      "recall": 0.0,
      "f1-score": 0.0,
      "support": 2.0
    },
    "accuracy": 0.5,
    "macro avg": {
      "precision": 0.19047619047619047,
      "recall": 0.3333333333333333,
      "f1-score": 0.24242424242424243,
      "support": 8.0
    },
    "weighted avg": {
      "precision": 0.2857142857142857,
      "recall": 0.5,
      "f1-score": 0.36363636363636365,
      "support": 8.0
    }
  }
}